<?xml version="1.0" encoding="UTF-8"?>
<project>
  <pomVersion>3</pomVersion>
  <groupId>joda-time</groupId>
  <artifactId>joda-time-jsptags</artifactId>
  <name>Joda time JSP tags support</name>
  <currentVersion>1.0.2</currentVersion>
  <shortDescription>Joda-Time JSP tags support</shortDescription>
  <description>
    Contribution to Joda-Time that adds JSP tags support
  </description>

  <url>http://joda-time.sourceforge.net/contrib/jsptags</url>
  <logo>/images/jodatime.png</logo>
  <issueTrackingUrl>http://sourceforge.net/tracker/?atid=617889&amp;group_id=97367&amp;func=browse</issueTrackingUrl>
  <inceptionYear>2005</inceptionYear>
  <package>org.joda.time.contrib.jsptag</package>

  <siteAddress>shell.sourceforge.net</siteAddress>
  <siteDirectory>/home/groups/j/jo/joda-time/htdocs/contrib/jsptags</siteDirectory>

  <licenses>
    <license>
      <name>Apache 2</name>
      <url>http://www.apache.org/licenses/</url>
      <distribution>repo</distribution>
    </license>
  </licenses>

  <mailingLists>
    <mailingList>
      <name>Joda Interest list</name>
      <subscribe>https://lists.sourceforge.net/lists/listinfo/joda-interest</subscribe>
      <unsubscribe>https://lists.sourceforge.net/lists/listinfo/joda-interest</unsubscribe>
      <archive>http://sourceforge.net/mailarchive/forum.php?forum_name=joda-interest</archive>
    </mailingList>
  </mailingLists>

  <organization>
    <name>Joda.org</name>
    <url>http://www.joda.org</url>
    <logo>/images/joda.png</logo>
  </organization>

  <repository>
    <connection>scm:svn:https://joda-time.svn.sourceforge.net/svnroot/joda-time/trunk/JodaTimeContrib/jsptags/</connection>
    <url>http://joda-time.svn.sourceforge.net/viewvc/joda-time/trunk/JodaTimeContrib/jsptags/</url>
  </repository>

  <versions>
    <version>
      <id>1.0</id>
      <name>1.0</name>
      <tag>JSPTAGS_v1_0_0</tag>
    </version>
    <version>
      <id>1.0.1</id>
      <name>1.0.1</name>
      <tag>JSPTAGS_v1_0_1</tag>
    </version>
    <version>
      <id>1.0.2</id>
      <name>1.0.2</name>
      <tag>JSPTAGS_v1_0_2</tag>
    </version>
  </versions>

  <developers>
    <developer>
      <name>Jim Newsham</name>
      <id>jimnewsham</id>
      <email></email>
      <roles>
        <role>Lead developer</role>
      </roles>
    </developer>
    <developer>
      <name>Stephen Colebourne</name>
      <id>scolebourne</id>
      <email></email>
      <roles>
        <role>Website and Release manager</role>
      </roles>
      <timezone>0</timezone>
    </developer>
  </developers>

  <dependencies>
    <dependency>
      <groupId>joda-time</groupId>
      <artifactId>joda-time</artifactId>
      <version>1.5</version>
      <properties>
        <comment>Compatible with v1.0 or later</comment>
      </properties>
    </dependency>
    <dependency>
      <groupId>javax.servlet</groupId>
      <artifactId>servlet-api</artifactId>
      <version>2.4</version>
      <scope>provided</scope>
    </dependency>
    <dependency>
      <groupId>javax.servlet</groupId>
      <artifactId>jsp-api</artifactId>
      <version>2.0</version>
      <scope>provided</scope>
    </dependency>
    <dependency>
      <groupId>javax.servlet</groupId>
      <artifactId>jstl</artifactId>
      <version>1.1.2</version>
      <scope>provided</scope>
    </dependency>
  </dependencies>

  <build>
    <sourceDirectory>src/java</sourceDirectory>
    <unitTestSourceDirectory>src/test</unitTestSourceDirectory>
    <unitTest>
      <includes>
        <include>org/joda/time/contrib/jsptags/**/Test*.java</include>
      </includes>
    </unitTest>
    <resources>
      <resource>
        <directory>${basedir}/src/java</directory>
        <includes>
          <include>**/*.properties</include>
        </includes>
      </resource>
      <resource>
        <targetPath>META-INF</targetPath>
        <directory>.</directory>
        <includes>
          <include>NOTICE.txt</include>
        </includes>
      </resource>
      <resource>
        <targetPath>META-INF</targetPath>
        <directory>src/conf</directory>
        <includes>
          <include>joda.tld</include>
        </includes>
      </resource>
    </resources>
  </build>

  <reports>
     <report>maven-changes-plugin</report>
     <report>maven-javadoc-plugin</report>
     <report>maven-jxr-plugin</report>
     <report>maven-license-plugin</report>
     <!-- report>maven-changelog-plugin</report-->
     <!-- report>maven-checkstyle-plugin</report-->
     <!-- <report>maven-clover-plugin</report> -->
     <!-- <report>maven-jcoverage-plugin</report> -->
     <!-- report>maven-developer-activity-plugin</report-->
     <!-- report>maven-file-activity-plugin</report-->
     <!-- <report>maven-jellydoc-plugin</report> -->
     <!-- <report>maven-junit-report-plugin</report> -->
     <!--report>maven-linkcheck-plugin</report-->
     <!--report>maven-statcvs-plugin</report-->
     <!--report>maven-tasklist-plugin</report-->
  </reports>

</project>
