<?xml version="1.0" encoding="ISO-8859-1"?>

<document>
  <properties>
    <title>Java date and time API - JSP tags - Changes</title>
    <author email="scolebourne@users.sourceforge.net">Stephen Colebourne</author>
  </properties>
  <body>

    <!-- types are add, fix, remove, update -->
    <release version="1.0.2" date="2008-03-15" description="Release 1.0.2">
      <action dev="scolebourne" type="fix">
        Fix missing properties files in jar.
      </action>              
      <action dev="scolebourne" type="fix">
        Fix maven definition for servlet-api to be provided.
      </action>              
    </release>

    <release version="1.0.1" date="2007-11-15" description="Release 1.0.1">
      <action dev="scolebourne" type="fix">
        Fix missing directory tag in project.xml.
      </action>              
    </release>

    <release version="1.0" date="2006-07-01" description="First full release">
      <action dev="scolebourne" type="add">
        Add documentation about servlet specification needed.
      </action>              
    </release>

    <release version="0.9" date="2005-12-24" description="Pre 1.0 version">
      <action dev="scolebourne" type="fix" due-to="Robert Stevenson">
        Better error message when unknown object type passed in.
      </action>              
    </release>

    <release version="0.8" date="2005-08-21" description="Initial version">
      <action dev="jimnewsham" type="add">
        Initial version.
      </action>              
    </release>

  </body>
</document>