<?xml version="1.0" encoding="ISO-8859-1"?>

<document>

 <properties>
  <title>Java date and time API - JSP tags - Home</title>
  <author email="scolebourne@users.sourceforge.net">Stephen Colebourne</author>
 </properties>

 <body>

<section name="Joda Time - JSP tags">
<p>
<a href="/index.html">Joda-Time</a> provides a complete quality alternative
to the JDK date and time classes.
However, this causes issues when working with other libraries that expect
a JDK object, such as the JSTL JSP tag library.
</p>
<p>
To solve this problem, the Joda-Time JSP tags contributed project provides
a JSTL-like set of tags that format and parse Joda-Time based date and time
objects instead of JDK based objects.
</p>
<p>
As a flavour of the tags, here's how to format a Joda-Time object in JSP:
<source>
  &lt;%@taglib prefix="joda" uri="http://www.joda.org/joda/time/tags" %&gt;
  &lt;% pageContext.setAttribute("now", new org.joda.time.DateTime()); %&gt;
  <b>&lt;joda:format value="${now}" style="SM" /&gt;</b>
</source>
Version 1.0.2 was released on 2008-03-15 -
<a href="http://sourceforge.net/project/showfiles.php?group_id=97367&amp;package_id=161360">Download now</a>
</p>
</section>


<section name="Documentation">
<p>
Various documentation is available:
<ul>
<li>The user guide and tag description - <a href="userguide.html">user guide</a></li>
<li>The javadoc for the <a href="api-release/index.html">current release</a></li>
<li>The javadoc for the <a href="apidocs/index.html">latest in development</a></li>
<!--li>A <a href="faq.html">FAQ</a> list</li-->
<li>The <a href="http://joda-time.svn.sourceforge.net/viewvc/joda-time/trunk/JodaTimeContrib/jsptags/">Subversion repository</a></li>
</ul>
</p>
</section>


<section name="Releases">
<p>
<a href="http://sourceforge.net/project/showfiles.php?group_id=97367&amp;package_id=161360">Release 1.0.2</a>
is the current latest release.
This release is a very minor patch to 1.0, fixing maven issues.
</p>
<p>
The dependencies are Joda-Time 1.0 or later, the Servlet 2.4 API, the JSP 2.0 API,
and JSTL 1.1 API.
JDK 1.4 or later is required, and there is no testing on earlier JDKs.
</p>
</section>


<section name="Support">
<p>
The Joda-Time JSP tags library was contributed to Joda-Time by Jim Newsham.
It is based on the code at <a href="http://jakarta.apache.org/taglibs">Jakarta Taglibs</a>.
</p>
<p>
For support on bugs, using the library or to volunteer please contact the <a href="mail-lists.html">mailing list</a>.
Due to spam, you must be subscribed to post to the mailing list.
</p>
</section>
</body>
</document>
